URL,Heading,Content
https://www.hull.ac.uk/,Come to an Open Day this January,
https://www.hull.ac.uk/,This. Is. Hull.,And it's yours for the taking.
https://www.hull.ac.uk/,The gold standard for teaching,
https://www.hull.ac.uk/,Find your extraordinary,
https://www.hull.ac.uk/,Study with us,"From our friendly academics, to our beautiful campus, and our superb facilities, there are more reasons than ever to choose Hull."
https://www.hull.ac.uk/,Visit us at an upcoming event,
https://www.hull.ac.uk/,Open Day,9.00 - 16.00 Reserve your space
https://www.hull.ac.uk/,Discover our Virtual Tour,
https://www.hull.ac.uk/,Where success begins,Awarded gold for the highest standard of teaching in the Teaching Excellence Framework (TEF) . Named in the top 50 UK institutions for research power by the Times Higher Education. 95% of students are in work or further study fifteen months after graduating. 1
https://www.hull.ac.uk/,Postgraduate,
https://www.hull.ac.uk/,Accommodation,
https://www.hull.ac.uk/,Fees and finance,
https://www.hull.ac.uk/,Life-changing research,"Our research has an impact globally, every single day. Join us in tackling the big issues – climate change, health inequalities, social injustice and more – and help us shape a fairer, brighter and carbon neutral future for all."
https://www.hull.ac.uk/,What COVID diaries have in common with Samuel Pepys' 17th-century plague diaries,
https://www.hull.ac.uk/,Why Israel's intelligence chiefs failed to listen to warnings,
https://www.hull.ac.uk/,'Many sleepless nights': why scientists who predict landslides are under enormous pressure,
https://www.hull.ac.uk/,Building Flood Resilient Societies,
https://www.hull.ac.uk/,Abandoned oil rigs could scrape carbon from the sky,
https://www.hull.ac.uk/,Castlevania: how the video game was inspired by classic Dracula horror films,
https://www.hull.ac.uk/,Why humans aren't as egocentric as you might think – new research,
https://www.hull.ac.uk/,Universities in Yorkshire and the Humber get head start on delivering plan to protect the NHS,
https://www.hull.ac.uk/,Why Israel's intelligence chiefs failed to listen to warnings,
https://www.hull.ac.uk/,'Many sleepless nights': why scientists who predict landslides are under enormous pressure,
https://www.hull.ac.uk/,Building Flood Resilient Societies,
https://www.hull.ac.uk/,Abandoned oil rigs could scrape carbon from the sky,
https://www.hull.ac.uk/,Castlevania: how the video game was inspired by classic Dracula horror films,
https://www.hull.ac.uk/,Why humans aren't as egocentric as you might think – new research,
https://www.hull.ac.uk/,Universities in Yorkshire and the Humber get head start on delivering plan to protect the NHS,
https://www.hull.ac.uk/,Research highlights,
https://www.hull.ac.uk/,"We are shaping a fairer, brighter and carbon neutral future for all",
https://www.hull.ac.uk/,Latest updates,
https://www.hull.ac.uk/,Introducing the new Dean for Hull York Medical School .,Posted on 10 January 2024
https://www.hull.ac.uk/,University of Hull to launch London Study Centre .,Posted on 08 January 2024
https://www.hull.ac.uk/,What COVID diaries have in common with Samuel Pepys' 17th-century plague diaries .,Posted on 04 January 2024
https://www.hull.ac.uk/,Coastal communities at the heart of research .,Posted on 21 December 2023
https://www.hull.ac.uk/,New Donations to the Wilberforce Institute Library .,Posted on 20 December 2023
https://www.hull.ac.uk/,The Royal Mint partners with the University of Hull to implement sustainable packaging of … .,Posted on 12 December 2023
https://www.hull.ac.uk/,Why Israel's intelligence chiefs failed to listen to warnings .,Posted on 08 December 2023
https://www.hull.ac.uk/,The Universal Declaration of Human Rights at 75 .,Posted on 07 December 2023
https://www.hull.ac.uk/,Creative approaches essential to drive youth-led climate action in countries most-impacted… .,Posted on 06 December 2023
https://www.hull.ac.uk/,A report from Bonn University Seminar .,Posted on 30 November 2023
https://www.hull.ac.uk/,Footnotes,
https://www.hull.ac.uk/,Strictly Necessary Cookies,
https://www.hull.ac.uk/,Functional Cookies,
https://www.hull.ac.uk/,Performance Cookies,
https://www.hull.ac.uk/,Targeting Cookies,
https://www.hull.ac.uk/,Hi there!,Getting in touch with us has never been easier.
https://www.hull.ac.uk/index.aspx,Come to an Open Day this January,
https://www.hull.ac.uk/index.aspx,This. Is. Hull.,And it's yours for the taking.
https://www.hull.ac.uk/index.aspx,The gold standard for teaching,
https://www.hull.ac.uk/index.aspx,Find your extraordinary,
https://www.hull.ac.uk/index.aspx,Study with us,"From our friendly academics, to our beautiful campus, and our superb facilities, there are more reasons than ever to choose Hull."
https://www.hull.ac.uk/index.aspx,Visit us at an upcoming event,
https://www.hull.ac.uk/index.aspx,Open Day,9.00 - 16.00 Reserve your space
https://www.hull.ac.uk/index.aspx,Discover our Virtual Tour,
https://www.hull.ac.uk/index.aspx,Where success begins,Awarded gold for the highest standard of teaching in the Teaching Excellence Framework (TEF) . Named in the top 50 UK institutions for research power by the Times Higher Education. 95% of students are in work or further study fifteen months after graduating. 1
https://www.hull.ac.uk/index.aspx,Postgraduate,
https://www.hull.ac.uk/index.aspx,Accommodation,
https://www.hull.ac.uk/index.aspx,Fees and finance,
https://www.hull.ac.uk/index.aspx,Life-changing research,"Our research has an impact globally, every single day. Join us in tackling the big issues – climate change, health inequalities, social injustice and more – and help us shape a fairer, brighter and carbon neutral future for all."
https://www.hull.ac.uk/index.aspx,What COVID diaries have in common with Samuel Pepys' 17th-century plague diaries,
https://www.hull.ac.uk/index.aspx,Why Israel's intelligence chiefs failed to listen to warnings,
https://www.hull.ac.uk/index.aspx,'Many sleepless nights': why scientists who predict landslides are under enormous pressure,
https://www.hull.ac.uk/index.aspx,Building Flood Resilient Societies,
https://www.hull.ac.uk/index.aspx,Abandoned oil rigs could scrape carbon from the sky,
https://www.hull.ac.uk/index.aspx,Castlevania: how the video game was inspired by classic Dracula horror films,
https://www.hull.ac.uk/index.aspx,Why humans aren't as egocentric as you might think – new research,
https://www.hull.ac.uk/index.aspx,Universities in Yorkshire and the Humber get head start on delivering plan to protect the NHS,
https://www.hull.ac.uk/index.aspx,Why Israel's intelligence chiefs failed to listen to warnings,
https://www.hull.ac.uk/index.aspx,'Many sleepless nights': why scientists who predict landslides are under enormous pressure,
https://www.hull.ac.uk/index.aspx,Building Flood Resilient Societies,
https://www.hull.ac.uk/index.aspx,Abandoned oil rigs could scrape carbon from the sky,
https://www.hull.ac.uk/index.aspx,Castlevania: how the video game was inspired by classic Dracula horror films,
https://www.hull.ac.uk/index.aspx,Why humans aren't as egocentric as you might think – new research,
https://www.hull.ac.uk/index.aspx,Universities in Yorkshire and the Humber get head start on delivering plan to protect the NHS,
https://www.hull.ac.uk/index.aspx,Research highlights,
https://www.hull.ac.uk/index.aspx,"We are shaping a fairer, brighter and carbon neutral future for all",
https://www.hull.ac.uk/index.aspx,Latest updates,
https://www.hull.ac.uk/index.aspx,Introducing the new Dean for Hull York Medical School .,Posted on 10 January 2024
https://www.hull.ac.uk/index.aspx,University of Hull to launch London Study Centre .,Posted on 08 January 2024
https://www.hull.ac.uk/index.aspx,What COVID diaries have in common with Samuel Pepys' 17th-century plague diaries .,Posted on 04 January 2024
https://www.hull.ac.uk/index.aspx,Coastal communities at the heart of research .,Posted on 21 December 2023
https://www.hull.ac.uk/index.aspx,New Donations to the Wilberforce Institute Library .,Posted on 20 December 2023
https://www.hull.ac.uk/index.aspx,The Royal Mint partners with the University of Hull to implement sustainable packaging of … .,Posted on 12 December 2023
https://www.hull.ac.uk/index.aspx,Why Israel's intelligence chiefs failed to listen to warnings .,Posted on 08 December 2023
https://www.hull.ac.uk/index.aspx,The Universal Declaration of Human Rights at 75 .,Posted on 07 December 2023
https://www.hull.ac.uk/index.aspx,Creative approaches essential to drive youth-led climate action in countries most-impacted… .,Posted on 06 December 2023
https://www.hull.ac.uk/index.aspx,A report from Bonn University Seminar .,Posted on 30 November 2023
https://www.hull.ac.uk/index.aspx,Footnotes,
https://www.hull.ac.uk/index.aspx,Hi there!,Getting in touch with us has never been easier.
https://www.hull.ac.uk/search/,Search results for,
https://www.hull.ac.uk/search/,"""I started University at 35 to pursue my dream of becoming a barrister""",
https://www.hull.ac.uk/search/,"""The time had come for me to get the education I wanted; I couldn't wait for my new adventure to begin""",
https://www.hull.ac.uk/search/,"""We Are All Implicated in the Legacy of Slavery""",
https://www.hull.ac.uk/search/,#DelveDeeper,
https://www.hull.ac.uk/search/,'At some point pretty much every student will have a wobble',
https://www.hull.ac.uk/search/,'Festival of Green Innovation' back for 2022 to celebrate Humber's low-carbon innovation,
https://www.hull.ac.uk/search/,'I know there are young people out there who feel like I did',
https://www.hull.ac.uk/search/,'Many sleepless nights': why scientists who predict landslides are under enormous pressure,
https://www.hull.ac.uk/search/,'My time working with Team GB has helped open doors for me',
https://www.hull.ac.uk/search/,'Take-home lab' helps Hull students get into swing of physics during COVID-19,
https://www.hull.ac.uk/search/,'Treatied Spaces' researchers awarded major grant,
https://www.hull.ac.uk/search/,'We're excited about the opportunities COP27 presents',
https://www.hull.ac.uk/search/,'Working together to help victims of modern slavery' – University to mark Anti-Slavery Day,
https://www.hull.ac.uk/search/,10 questions all Hull teachers-in-the-making ask,
https://www.hull.ac.uk/search/,100 days on my sofa: student experiences of 'field' placements,
https://www.hull.ac.uk/search/,"11 marathons, 11 days: How a student-led clinic helped runner achieve the unthinkable",
https://www.hull.ac.uk/search/,1918-20: How did people have fun as a pandemic ended?,
https://www.hull.ac.uk/search/,2023 University of Hull Honorary Graduates have been named ahead of upcoming graduation,
https://www.hull.ac.uk/search/,24 hour support,
https://www.hull.ac.uk/search/,360 Video as a Teaching Technique in Higher Education,
https://www.hull.ac.uk/search/,A Culture of Silence,
https://www.hull.ac.uk/search/,A mixed reality approach for evolving realities of Dementia,
https://www.hull.ac.uk/search/,A parent's guide to Hull,
https://www.hull.ac.uk/search/,A poet for our times - Andrew Marvell and the Covid-19 pandemic,
https://www.hull.ac.uk/search/,A recipe to becoming inspiring teachers,
https://www.hull.ac.uk/study/webinars.aspx,Virtual events and webinars,
https://www.hull.ac.uk/study/webinars.aspx,We’ll help you make the right choice,Find out everything you need to know about university - from course guides to accommodation - all from the comfort of your own home with our webinars.
https://www.hull.ac.uk/study/webinars.aspx,Register for one of our upcoming webinars or virtual events,
https://www.hull.ac.uk/study/webinars.aspx,,
https://www.hull.ac.uk/study/webinars.aspx,It’s Not Too Late to Apply to University,
https://www.hull.ac.uk/study/webinars.aspx,Postgraduate Education degrees at the University of Hull,
https://www.hull.ac.uk/study/webinars.aspx,Studying Psychology at University,
https://www.hull.ac.uk/study/webinars.aspx,Writing the Future – Creative Writing at Hull,
https://www.hull.ac.uk/study/webinars.aspx,Can we help you with anything else?,
https://www.hull.ac.uk/study/webinars.aspx,Applying to Hull,"Get a complete step-by-step guide on applying to university, including how to make the right choice for you, Live Chat for instant answers and advice, and specific advice for parents and carers. We’ll help you to get the place on the course you want."
https://www.hull.ac.uk/study/webinars.aspx,Fees and finance,"Our online guide can take you through everything you need to know. From tuition fees and maintenance loans, to scholarships and childcare grants. And, of course, how to apply when the time comes."
https://www.hull.ac.uk/study/webinars.aspx,Student support,"Whether it’s about money, your health or your studies, or you need pointing in the right career direction, you only have to ask. We won’t meddle, pry or preach, but we will do everything we can to help. Before you arrive, while you’re here, and even after you’ve left."
https://www.hull.ac.uk/study/webinars.aspx,Ready to take your next step?,
https://www.hull.ac.uk/study/webinars.aspx,Not ready to apply?,
https://www.hull.ac.uk/study/undergraduate/,It’s time to find your extraordinary,
https://www.hull.ac.uk/study/undergraduate/,We are Hull. And so are you.,"Study at a university where you can be you. You’ll feel welcome from day one and always connected and supported, so you can really make the most of your experience with us."
https://www.hull.ac.uk/study/undergraduate/,Watch an on-demand session for your subject now,
https://www.hull.ac.uk/study/undergraduate/,Criminology,
https://www.hull.ac.uk/study/undergraduate/,Computer Science,
https://www.hull.ac.uk/study/undergraduate/,"Sport, Health and Exercise Science",
https://www.hull.ac.uk/study/undergraduate/,Business and Management,
https://www.hull.ac.uk/study/undergraduate/,Game Design,
https://www.hull.ac.uk/study/undergraduate/,See all on-demand subject sessions,
https://www.hull.ac.uk/study/undergraduate/,Your student experience,"Of course, there’s a lot more to your time with us than the course you study."
https://www.hull.ac.uk/study/undergraduate/,"2,312",
https://www.hull.ac.uk/study/undergraduate/,Team GB,
https://www.hull.ac.uk/study/undergraduate/,"14,000 +",
https://www.hull.ac.uk/study/undergraduate/,1 million +,
https://www.hull.ac.uk/study/undergraduate/,1927,
https://www.hull.ac.uk/study/undergraduate/,79,
https://www.hull.ac.uk/study/undergraduate/,"1,000 +",
https://www.hull.ac.uk/study/undergraduate/,12 courts,
https://www.hull.ac.uk/study/undergraduate/,This is where you’re meant to be,The best way to find out if we’re the right choice for you is to come to one of our Open Days and see it all for yourself. It's your chance to imagine what your life as a student at Hull could be like.
https://www.hull.ac.uk/study/undergraduate/,You can also view sessions on demand right now,
https://www.hull.ac.uk/study/undergraduate/,UCAS Personal Statements,
https://www.hull.ac.uk/study/undergraduate/,Foundation year studies,
https://www.hull.ac.uk/study/undergraduate/,Accommodation: at home at Hull,
https://www.hull.ac.uk/study/undergraduate/,Admissions: how to apply,
https://www.hull.ac.uk/study/undergraduate/,Accommodation,"With over 2,000 high quality rooms, all on campus, there’s a great range of accommodation options for you to choose from. And accommodation is guaranteed for all first years. 1"
https://www.hull.ac.uk/study/undergraduate/,Accommodation: at home at Hull,
https://www.hull.ac.uk/study/undergraduate/,How to apply,"Applying to university can be a bit of a stressful business. Let us help you out, with top tips about what university admissions tutors are looking for when they’re assessing your application."
https://www.hull.ac.uk/study/undergraduate/,Admissions: how to apply,
https://www.hull.ac.uk/study/undergraduate/,There’s no place like Hull,"From our beautiful campus to our friendly lecturers, there are loads of reasons to choose Hull. And with brilliant bars and restaurants, huge festivals and so much more, you’ll fall in love with our city, too."
https://www.hull.ac.uk/study/undergraduate/,Your next steps,"We’re here to help at every stage of your journey to university, whether you’re looking for a course, or you’re ready to apply. If you have any questions, just get in touch. You can also receive important updates from us using the form."
https://www.hull.ac.uk/study/undergraduate/,Footnotes,"All new students are guaranteed a single-person room within our University owned, managed or directed accommodation if you sign up by 1 October 2024. There is no on-campus provision for families and the University does not offer childcare."
https://www.hull.ac.uk/study/undergraduate/,On-demand subject session: Accounting and Finance,
https://www.hull.ac.uk/study/undergraduate/,On-demand subject session: American Studies,
https://www.hull.ac.uk/study/undergraduate/,"On-demand subject session: Biology, Marine Biology and Zoology",
https://www.hull.ac.uk/study/undergraduate/,On-demand subject session: Biomedical Science,
https://www.hull.ac.uk/study/undergraduate/,On-demand subject session: Business Management,
https://www.hull.ac.uk/study/undergraduate/,On-demand subject session: Chemical Engineering,
https://www.hull.ac.uk/study/undergraduate/,On-demand subject session: Chemistry,
https://www.hull.ac.uk/study/undergraduate/,On-demand subject session: Computer Science,
https://www.hull.ac.uk/study/undergraduate/,On-demand subject session: Creative Industries,
https://www.hull.ac.uk/study/undergraduate/,On-demand subject session: Criminology,
https://www.hull.ac.uk/study/undergraduate/,On-demand subject session: Drama,
https://www.hull.ac.uk/study/undergraduate/,On-demand subject session: Economics,
https://www.hull.ac.uk/study/undergraduate/,On-demand subject session: Education and Childhood Studies,
https://www.hull.ac.uk/study/undergraduate/,On-demand subject session: Engineering,
https://www.hull.ac.uk/study/undergraduate/,On-demand subject session: English and Creative Writing,
https://www.hull.ac.uk/study/undergraduate/,On-demand subject session: Film and Media Studies,
https://www.hull.ac.uk/study/undergraduate/,On-demand subject session: Forensic Science,
https://www.hull.ac.uk/study/undergraduate/,On-demand subject session: Games Design,
https://www.hull.ac.uk/study/undergraduate/,"On-demand subject session: Geography, Earth Science and Environmental Science",
https://www.hull.ac.uk/study/undergraduate/,On-demand subject session: Health and Social Care,
https://www.hull.ac.uk/study/undergraduate/,On-demand subject session: History,
https://www.hull.ac.uk/study/undergraduate/,On-demand subject session: Law,
https://www.hull.ac.uk/study/undergraduate/,On-demand subject session: Marketing,
https://www.hull.ac.uk/study/undergraduate/,On-demand subject session: Mathematics,
https://www.hull.ac.uk/study/undergraduate/,On-demand subject session: Midwifery,
https://www.hull.ac.uk/study/undergraduate/,On-demand subject session: Music,
https://www.hull.ac.uk/study/undergraduate/,On-demand subject session: Nursing,
https://www.hull.ac.uk/study/undergraduate/,On-demand subject session: Operating Department Practice,
https://www.hull.ac.uk/study/undergraduate/,On-demand subject session: Paramedic Science,
https://www.hull.ac.uk/study/undergraduate/,On-demand subject session: Philosophy,
https://www.hull.ac.uk/study/undergraduate/,On-demand subject session: Physics and Astrophysics,
https://www.hull.ac.uk/study/undergraduate/,On-demand subject session: Physiotherapy,
https://www.hull.ac.uk/study/undergraduate/,On-demand subject session: Politics,
https://www.hull.ac.uk/study/undergraduate/,On-demand subject session: Professional Policing,
https://www.hull.ac.uk/study/undergraduate/,On-demand subject session: Psychology,
https://www.hull.ac.uk/study/undergraduate/,On-demand subject session: Social Work,
https://www.hull.ac.uk/study/undergraduate/,"On-demand subject session: Sport, Health and Exercise Science",
https://www.hull.ac.uk/study/undergraduate/,All on-demand subject sessions,"Accounting and Finance American Studies Biology, Marine Biology and Zoology Biomedical Science Business Management Chemical Engineering Chemistry Computer Science Creative Industries Criminology Drama Economics Education and Childhood Studies Engineering English and Creative Writing Film and Media Studies Forensic Science Games Design Geography, Earth Science and Environmental Science Health and Social Care History Law Marketing Mathematics Midwifery Music Nursing Operating Department Practice Paramedic Science Philosophy Physics and Astrophysics Physiotherapy Politics Professional Policing Psychology Social Work Sport, Health and Exercise Science"
https://www.hull.ac.uk/study/undergraduate/,Hi there!,Getting in touch with us has never been easier.
https://www.hull.ac.uk/study/undergraduate/diagnostic-radiography-bsc-hons.aspx,BSc (Hons) Diagnostic Radiography,
https://www.hull.ac.uk/study/undergraduate/diagnostic-radiography-bsc-hons.aspx,About this course,
https://www.hull.ac.uk/study/undergraduate/diagnostic-radiography-bsc-hons.aspx,Choose your modules,
https://www.hull.ac.uk/study/undergraduate/diagnostic-radiography-bsc-hons.aspx,,
https://www.hull.ac.uk/study/undergraduate/diagnostic-radiography-bsc-hons.aspx,,
https://www.hull.ac.uk/study/undergraduate/diagnostic-radiography-bsc-hons.aspx,Playlist,
https://www.hull.ac.uk/study/undergraduate/diagnostic-radiography-bsc-hons.aspx,Allam Medical Building,
https://www.hull.ac.uk/study/undergraduate/diagnostic-radiography-bsc-hons.aspx,Teaching facilities,
https://www.hull.ac.uk/study/undergraduate/diagnostic-radiography-bsc-hons.aspx,Life on campus,
https://www.hull.ac.uk/study/undergraduate/diagnostic-radiography-bsc-hons.aspx,Entry requirements,
https://www.hull.ac.uk/study/undergraduate/diagnostic-radiography-bsc-hons.aspx,What do I need?,"When it comes to applying to university, you'll need a certain number of UCAS points. Different qualifications and grades are worth a different amount of points. For this course, you'll need…"
https://www.hull.ac.uk/study/undergraduate/diagnostic-radiography-bsc-hons.aspx,What do I need?,If you require a student visa to study or if your first language is not English you will be required to provide acceptable evidence of your English language proficiency level.
https://www.hull.ac.uk/study/undergraduate/diagnostic-radiography-bsc-hons.aspx,Fees & funding,
https://www.hull.ac.uk/study/undergraduate/diagnostic-radiography-bsc-hons.aspx,How much is it?,
https://www.hull.ac.uk/study/undergraduate/diagnostic-radiography-bsc-hons.aspx,How do I pay for it?,
https://www.hull.ac.uk/study/undergraduate/diagnostic-radiography-bsc-hons.aspx,How much is it?,
https://www.hull.ac.uk/study/undergraduate/diagnostic-radiography-bsc-hons.aspx,How do I pay for it?,
https://www.hull.ac.uk/study/undergraduate/diagnostic-radiography-bsc-hons.aspx,Our academics,
https://www.hull.ac.uk/study/undergraduate/diagnostic-radiography-bsc-hons.aspx,Sally-Ann Spencer Grey,
https://www.hull.ac.uk/study/undergraduate/diagnostic-radiography-bsc-hons.aspx,Take a look at our facilities,
https://www.hull.ac.uk/study/undergraduate/diagnostic-radiography-bsc-hons.aspx,Health Campus,"Our home for the healthcare professionals of the future. Equipped with a simulated hospital ward, intensive care unit, resuscitation unit, and more."
https://www.hull.ac.uk/study/undergraduate/diagnostic-radiography-bsc-hons.aspx,Allam Medical Building,"The award winning Allam Medical Building is the centre of our Health Campus, packed with cutting edge features including mock hospital wards and operating theatres."
https://www.hull.ac.uk/study/undergraduate/diagnostic-radiography-bsc-hons.aspx,Microscopy Suite,You could carry out research in our Microscopy Suite – an imaging facility for investigating the diagnosis of cancer and metabolic and cardiovascular diseases.
https://www.hull.ac.uk/study/undergraduate/diagnostic-radiography-bsc-hons.aspx,Future prospects,A Diagnostic degree from Hull equips you with highly sought after skills and experience for a career in radiography in the NHS and beyond. And this accelerated course means that you'll be working with patients even sooner.
https://www.hull.ac.uk/study/undergraduate/diagnostic-radiography-bsc-hons.aspx,Your next steps,
https://www.hull.ac.uk/study/undergraduate/diagnostic-radiography-bsc-hons.aspx,Not ready to apply?,
https://www.hull.ac.uk/study/undergraduate/diagnostic-radiography-bsc-hons.aspx,You may also be interested in…,
https://www.hull.ac.uk/study/undergraduate/diagnostic-radiography-bsc-hons.aspx,BSc (Hons) Biochemistry,
https://www.hull.ac.uk/study/undergraduate/diagnostic-radiography-bsc-hons.aspx,BSc (Hons) Paramedic Science,
https://www.hull.ac.uk/study/undergraduate/diagnostic-radiography-bsc-hons.aspx,BSc (Hons) / MChem Chemistry,
https://www.hull.ac.uk/study/undergraduate/diagnostic-radiography-bsc-hons.aspx,BSc (Hons) Adult Nursing,
https://www.hull.ac.uk/study/undergraduate/diagnostic-radiography-bsc-hons.aspx,Hi there!,Getting in touch with us has never been easier.
https://www.hull.ac.uk/study/undergraduate/accounting-and-financial-management-bsc-hons.aspx,BSc (Hons) Accounting and Financial Management,
https://www.hull.ac.uk/study/undergraduate/accounting-and-financial-management-bsc-hons.aspx,About this course,
https://www.hull.ac.uk/study/undergraduate/accounting-and-financial-management-bsc-hons.aspx,Choose your modules,
https://www.hull.ac.uk/study/undergraduate/accounting-and-financial-management-bsc-hons.aspx,Preparing for Learning in Higher Education,"This module is designed to give you the best possible start to your university studies, making sure you have all the essential skills you need to succeed. Through lectures and workshops we will teach you how to write in an academic style, how to find quality sources, how to reference work, culminating in writing up a mini-research project."
https://www.hull.ac.uk/study/undergraduate/accounting-and-financial-management-bsc-hons.aspx,Introduction to Business,"Develop an understanding of a range of contemporary themes facing managers and the range of ethical dilemmas they pose. You will explore the managerial implications of issues like globalisation, international trade, demographic changes and sustainability developments."
https://www.hull.ac.uk/study/undergraduate/accounting-and-financial-management-bsc-hons.aspx,"Research in the Humanities, Social Sciences and Education","This module will equip you with the necessary skills to conduct and analyse research in a specific interest, supported by academics within your subject. You'll navigate through the research process, from identifying an area of interest to presenting their findings to your peers."
https://www.hull.ac.uk/study/undergraduate/accounting-and-financial-management-bsc-hons.aspx,Group Challenge (Humanities),"Formulate and execute a group led enquiry into texts, cultural artifacts, film, music or dance. You'll explore their topics in groups at supervised workshops and develop questions on the cultural object relates to the living world of human experience, as well as developing your own methods to answer these questions."
https://www.hull.ac.uk/study/undergraduate/accounting-and-financial-management-bsc-hons.aspx,Foundation in Data Analysis,Develop a strong foundation in data collection and analysis. This module will introduce you to qualitative and quantitative data and how to analyse it; the collection of primary and secondary data; the production of high quality graphics; and report writing.
https://www.hull.ac.uk/study/undergraduate/accounting-and-financial-management-bsc-hons.aspx,Academic Writing Skills,"Developing confidence in expression, oral as well as written, is a key feature of this module, which also aims to familiarise you with submission and assessment procedures in the context of Higher Education. This is a clear building block onto your degree programme and places you at a distinct advantage when you move into the following year."
https://www.hull.ac.uk/study/undergraduate/accounting-and-financial-management-bsc-hons.aspx,Accounting and Finance,"Delve into topics such as financing decisions, cost behaviour, cost-volume-profit analysis, absorption costing, variance analysis and budgeting."
https://www.hull.ac.uk/study/undergraduate/accounting-and-financial-management-bsc-hons.aspx,Developing Self & Others,Assessing your human skills and developing good habits is central to your professional development. This module allows you to gain a better understanding of what is needed from the wider business perspective and apply theories of positive habit development in practice.
https://www.hull.ac.uk/study/undergraduate/accounting-and-financial-management-bsc-hons.aspx,Introduction to Economics,"This introduction covers both microeconomics (the affairs of individual consumers, firms and government) and macroeconomics (the study of the economy as a whole)."
https://www.hull.ac.uk/study/undergraduate/accounting-and-financial-management-bsc-hons.aspx,Financial Accounting,"This module will provide you with introductory accounting knowledge covering basic double entry book-keeping, analysis and preparing a simple set of financial statements."
https://www.hull.ac.uk/study/undergraduate/accounting-and-financial-management-bsc-hons.aspx,Introduction to Finance,"This module introduces you to the finance discipline. You'll explore the basic principles of finance, complemented with an analysis of case studies and examples from the finance news. There will be a special emphasis on ethical and sustainable finance."
https://www.hull.ac.uk/study/undergraduate/accounting-and-financial-management-bsc-hons.aspx,Marketing,"Marketing is an exciting, dynamic, and creative environment to work in. It places brands in the consumers' mind and shapes their decisions. Marketing is a critical management function that is essential to business success. This module allows you to work with an organisation on a live marketing project based on a real-life challenge."
https://www.hull.ac.uk/study/undergraduate/accounting-and-financial-management-bsc-hons.aspx,Financial Reporting,This module covers the regulatory aspects of financial reporting. It will enable you to understand and evaluate financial statements according to international accounting standards.
https://www.hull.ac.uk/study/undergraduate/accounting-and-financial-management-bsc-hons.aspx,Financial Management,"Explore the operational activities responsible for obtaining and ultilising the funds for efficient operations. This module will expose you to a wide range of important financial management tools, techniques, and underpinning theories relevant for decision-making in today's competitive financial environment."
https://www.hull.ac.uk/study/undergraduate/accounting-and-financial-management-bsc-hons.aspx,Information Systems in Accounting and Finance,"In today’s highly competitive business environment, information is power – especially financial information. This module offers a broad insight into the role of accounting information systems and emerging technologies within the competitive business environment and explores how managers of business organisations use financial information to convey financial stability and performance."
https://www.hull.ac.uk/study/undergraduate/accounting-and-financial-management-bsc-hons.aspx,Management Accounting,"Management account provides information to internal management for planning, organising and controlling organisational resources. Become familiar with concepts for calculating costs and prices of a product or service. You'll learn how to produce, analyse and articulate key information to an organisation's decision makers."
https://www.hull.ac.uk/study/undergraduate/accounting-and-financial-management-bsc-hons.aspx,Financial Markets and Investment Banking,"Gain an understanding of modern financial markets and instruments. You'll learn to apply these concepts by following and interpreting current affairs in the financial markets. The module emphasises the role of investment banks, and the analysis is complemented with case studies and examples from the finance news."
https://www.hull.ac.uk/study/undergraduate/accounting-and-financial-management-bsc-hons.aspx,Understanding Entrepreneurship,"Working with a local entrepreneurial firm, you'll get first-hand experience of exploring concepts around entrepreneurship. You'll gain insight into the real-life challenges and how local entrepreneurs overcome/negotiate those issues brining into play their individuality, commitment, and desire to make real change."
https://www.hull.ac.uk/study/undergraduate/accounting-and-financial-management-bsc-hons.aspx,Disruptive and Emerging Technologies,"In this module, you'll have the flexibility to select a technology theme that you are excited about (e.g. cryptocurrencies, blockchain, artificial intelligence, augmented reality, etc.), and explore their management and socio-economic implications."
https://www.hull.ac.uk/study/undergraduate/accounting-and-financial-management-bsc-hons.aspx,Sustainable Business and Innovation,"Develop insights into the major trends, challenges and innovative concepts relating to business sustainability and corporate responsibility."
https://www.hull.ac.uk/study/undergraduate/accounting-and-financial-management-bsc-hons.aspx,Macroeconomics: Managing the Economy,"You’ll learn the ways that government policy affects the course of the economy through its influence on the rate of inflation, economic growth, and the level of employment."
https://www.hull.ac.uk/study/undergraduate/accounting-and-financial-management-bsc-hons.aspx,Company Law,"Develop your understanding of the legal environment within which an accountant works, developing the ability to locate, extract and analyse data from multiple sources."
https://www.hull.ac.uk/study/undergraduate/accounting-and-financial-management-bsc-hons.aspx,Summer School,Broaden your experience in an international setting and study in one of our partner institutions for up to three weeks over the summer. This module can count towards your degree.
https://www.hull.ac.uk/study/undergraduate/accounting-and-financial-management-bsc-hons.aspx,Advanced Financial Reporting and Theory,Develop advanced knowledge of the role of financial reporting within the competitive business environment and explore how managers of business organisations use financial information to convey financial stability and performance.
https://www.hull.ac.uk/study/undergraduate/accounting-and-financial-management-bsc-hons.aspx,International Finance,"Gain practical knowledge of foreign exchange markets, international monetary and financial theories, foreign exchange risk management and international investment strategies."
https://www.hull.ac.uk/study/undergraduate/accounting-and-financial-management-bsc-hons.aspx,Advanced Management Accounting,"Building on the techniques of traditional management accounting, this module gives you the opportunity to reflect on the how and why in recent advances in management accounting theory and practice. In particular, the ways in which management accounting has to adapt to match changes in its environment and organisational context will be critically evaluated."
https://www.hull.ac.uk/study/undergraduate/accounting-and-financial-management-bsc-hons.aspx,Current Issues in Financial Management,Apply current finance theories to the analysis of ongoing issues in the financial market and the corporate world. You'll gain an appreciation of the social and political contexts of the international financial environment corporate organisations operate in.
https://www.hull.ac.uk/study/undergraduate/accounting-and-financial-management-bsc-hons.aspx,Company Law,"Develop your understanding of the legal environment within which an accountant works, developing the ability to locate, extract and analyse data from multiple sources."
https://www.hull.ac.uk/study/undergraduate/accounting-and-financial-management-bsc-hons.aspx,Macroeconomics: Managing the Economy,"You’ll learn the ways that government policy affects the course of the economy through its influence on the rate of inflation, economic growth, and the level of employment."
https://www.hull.ac.uk/study/undergraduate/accounting-and-financial-management-bsc-hons.aspx,Auditing,"The module covers both the theoretical and procedural aspects of effective auditing. In particular, you'll explore standards of accountability and corporate behaviour in today's global market place; and monitoring the process of externally reporting financial information."
https://www.hull.ac.uk/study/undergraduate/accounting-and-financial-management-bsc-hons.aspx,Quantitative Methods in Accounting and Finance,Link theory with practical examples by analysing and modelling financial risk factors and other quantitative problems. You'll cover the learning outcomes highlighted in the Chartered Financial Analyst (CFA) Institute Quantitative Methods syllabus at levels 1-3.
https://www.hull.ac.uk/study/undergraduate/accounting-and-financial-management-bsc-hons.aspx,Summer School,Broaden your experience in an international setting and study in one of our partner institutions for up to three weeks over the summer. This module can count towards your degree.
https://www.hull.ac.uk/study/undergraduate/accounting-and-financial-management-bsc-hons.aspx,International Business,Focus on the core concepts and practical applications of cross-border business activities. You'll explore the controversies and complexities surrounding international business issues.
https://www.hull.ac.uk/study/undergraduate/accounting-and-financial-management-bsc-hons.aspx,Individual Research Project,"Engage in an academic study of a particular topic that is of interest to you over a sustained time, with elements of original work. You'll develop an advanced ability to locate, extract, analyse and interpret data from multiple sources."
https://www.hull.ac.uk/study/undergraduate/accounting-and-financial-management-bsc-hons.aspx,Taxation,"This module is for those intending to study for a professional accountancy qualification after graduation, and may provide exemption from some of your professional exams."
https://www.hull.ac.uk/study/undergraduate/accounting-and-financial-management-bsc-hons.aspx,,
https://www.hull.ac.uk/study/undergraduate/accounting-and-financial-management-bsc-hons.aspx,,
https://www.hull.ac.uk/study/undergraduate/accounting-and-financial-management-bsc-hons.aspx,Playlist,
https://www.hull.ac.uk/study/undergraduate/accounting-and-financial-management-bsc-hons.aspx,Business facilities,
https://www.hull.ac.uk/study/undergraduate/accounting-and-financial-management-bsc-hons.aspx,Accommodation at Hull,
https://www.hull.ac.uk/study/undergraduate/accounting-and-financial-management-bsc-hons.aspx,Life on campus,
https://www.hull.ac.uk/study/undergraduate/accounting-and-financial-management-bsc-hons.aspx,Entry requirements,
https://www.hull.ac.uk/study/undergraduate/accounting-and-financial-management-bsc-hons.aspx,What do I need?,"When it comes to applying to university, you'll need a certain number of UCAS points. Different qualifications and grades are worth a different amount of points. For this course, you'll need…"
https://www.hull.ac.uk/study/undergraduate/accounting-and-financial-management-bsc-hons.aspx,What do I need?,If you require a student visa to study or if your first language is not English you will be required to provide acceptable evidence of your English language proficiency level.
https://www.hull.ac.uk/study/undergraduate/accounting-and-financial-management-bsc-hons.aspx,Fees & funding,
https://www.hull.ac.uk/study/undergraduate/accounting-and-financial-management-bsc-hons.aspx,How much is it?,"If you choose to study a year abroad, this costs £1,385 . If you want to spend a year in industry, this costs £1,850 ."
https://www.hull.ac.uk/study/undergraduate/accounting-and-financial-management-bsc-hons.aspx,How do I pay for it?,
https://www.hull.ac.uk/study/undergraduate/accounting-and-financial-management-bsc-hons.aspx,How much is it?,50% of full fee if you choose to study a year abroad. 20% of full fee if you want to spend a year in industry.
https://www.hull.ac.uk/study/undergraduate/accounting-and-financial-management-bsc-hons.aspx,How do I pay for it?,
https://www.hull.ac.uk/study/undergraduate/accounting-and-financial-management-bsc-hons.aspx,Our academics,
https://www.hull.ac.uk/study/undergraduate/accounting-and-financial-management-bsc-hons.aspx,Dr Mohamed Khalil,
https://www.hull.ac.uk/study/undergraduate/accounting-and-financial-management-bsc-hons.aspx,Dr Yawen Hudson,
https://www.hull.ac.uk/study/undergraduate/accounting-and-financial-management-bsc-hons.aspx,Take a look at our facilities,
https://www.hull.ac.uk/study/undergraduate/accounting-and-financial-management-bsc-hons.aspx,Bloomberg Financial Markets Laboratory,Our industry-standard suite offers simulated financial trading activities in real time. So you can practise trading in realistic scenarios before you do it for real.
https://www.hull.ac.uk/study/undergraduate/accounting-and-financial-management-bsc-hons.aspx,Business Lounge,"A great space for you to meet with businesses, entrepreneurs and partners, laying the foundations for your future career. It’s an ideal spot to meet your course mates for group work, too."
https://www.hull.ac.uk/study/undergraduate/accounting-and-financial-management-bsc-hons.aspx,Executive Education Suite,"Our Executive Education Suite offers bookable, fully AV equipped rooms where you can work on group projects and practise your presentation skills."
https://www.hull.ac.uk/study/undergraduate/accounting-and-financial-management-bsc-hons.aspx,Allam Lecture Theatre,"The Business School has one of the largest lecture theatres on campus. As well as a fantastic environment for learning, it often plays host to outside speakers and special guests."
https://www.hull.ac.uk/study/undergraduate/accounting-and-financial-management-bsc-hons.aspx,Future prospects,"You’ll open up a whole range of employment possibilities. Graduate roles include finance manager, chartered management accountant, financial analyst, external auditor, and bank manager. Or you could use the hands-on experience you gain throughout your degree to start your own business."
https://www.hull.ac.uk/study/undergraduate/accounting-and-financial-management-bsc-hons.aspx,Your next steps,
https://www.hull.ac.uk/study/undergraduate/accounting-and-financial-management-bsc-hons.aspx,Not ready to apply?,
https://www.hull.ac.uk/study/undergraduate/accounting-and-financial-management-bsc-hons.aspx,You may also be interested in…,
https://www.hull.ac.uk/study/undergraduate/accounting-and-financial-management-bsc-hons.aspx,BSc (Hons) Accounting,
https://www.hull.ac.uk/study/undergraduate/accounting-and-financial-management-bsc-hons.aspx,BA (Hons) Business Management with Accounting,
https://www.hull.ac.uk/study/undergraduate/accounting-and-financial-management-bsc-hons.aspx,BA (Hons) Business Management with Financial Management,
https://www.hull.ac.uk/study/undergraduate/accounting-and-financial-management-bsc-hons.aspx,BSc (Hons) Financial Management,
https://www.hull.ac.uk/study/undergraduate/accounting-and-financial-management-bsc-hons.aspx,BSc (Hons) Economics,
https://www.hull.ac.uk/study/undergraduate/accounting-and-financial-management-bsc-hons.aspx,BA (Hons) Business Economics,
https://www.hull.ac.uk/study/undergraduate/accounting-and-financial-management-bsc-hons.aspx,Hi there!,Getting in touch with us has never been easier.
https://www.hull.ac.uk/study/undergraduate/accounting-bsc-hons.aspx,BSc (Hons) Accounting,
https://www.hull.ac.uk/study/undergraduate/accounting-bsc-hons.aspx,About this course,
https://www.hull.ac.uk/study/undergraduate/accounting-bsc-hons.aspx,Choose your modules,
https://www.hull.ac.uk/study/undergraduate/accounting-bsc-hons.aspx,Preparing for Learning in Higher Education,"This module is designed to give you the best possible start to your university studies, making sure you have all the essential skills you need to succeed. Through lectures and workshops we will teach you how to write in an academic style, how to find quality sources, how to reference work, culminating in writing up a mini-research project."
https://www.hull.ac.uk/study/undergraduate/accounting-bsc-hons.aspx,Introduction to Business,"Develop an understanding of a range of contemporary themes facing managers and the range of ethical dilemmas they pose. You will explore the managerial implications of issues like globalisation, international trade, demographic changes and sustainability developments."
https://www.hull.ac.uk/study/undergraduate/accounting-bsc-hons.aspx,"Research in the Humanities, Social Sciences and Education","This module will equip you with the necessary skills to conduct and analyse research in a specific interest, supported by academics within your subject. You'll navigate through the research process, from identifying an area of interest to presenting their findings to your peers."
https://www.hull.ac.uk/study/undergraduate/accounting-bsc-hons.aspx,Group Challenge (Humanities),"Formulate and execute a group led enquiry into texts, cultural artifacts, film, music or dance. You'll explore their topics in groups at supervised workshops and develop questions on the cultural object relates to the living world of human experience, as well as developing your own methods to answer these questions."
https://www.hull.ac.uk/study/undergraduate/accounting-bsc-hons.aspx,Foundation in Data Analysis,Develop a strong foundation in data collection and analysis. This module will introduce you to qualitative and quantitative data and how to analyse it; the collection of primary and secondary data; the production of high quality graphics; and report writing.
https://www.hull.ac.uk/study/undergraduate/accounting-bsc-hons.aspx,Academic Writing Skills,"Developing confidence in expression, oral as well as written, is a key feature of this module, which also aims to familiarise you with submission and assessment procedures in the context of Higher Education. This is a clear building block onto your degree programme and places you at a distinct advantage when you move into the following year."
https://www.hull.ac.uk/study/undergraduate/accounting-bsc-hons.aspx,Accounting and Finance,"Delve into topics such as financing decisions, cost behaviour, cost-volume-profit analysis, absorption costing, variance analysis and budgeting."
https://www.hull.ac.uk/study/undergraduate/accounting-bsc-hons.aspx,Developing Self & Others,Assessing your human skills and developing good habits is central to your professional development. This module allows you to gain a better understanding of what is needed from the wider business perspective and apply theories of positive habit development in practice.
https://www.hull.ac.uk/study/undergraduate/accounting-bsc-hons.aspx,Introduction to Economics,"This introduction covers both microeconomics (the affairs of individual consumers, firms and government) and macroeconomics (the study of the economy as a whole)."
https://www.hull.ac.uk/study/undergraduate/accounting-bsc-hons.aspx,Financial Accounting,"This module will provide you with introductory accounting knowledge covering basic double entry book-keeping, analysis and preparing a simple set of financial statements."
https://www.hull.ac.uk/study/undergraduate/accounting-bsc-hons.aspx,Introduction to Finance,"This module introduces you to the finance discipline. You'll explore the basic principles of finance, complemented with an analysis of case studies and examples from the finance news. There will be a special emphasis on ethical and sustainable finance."
https://www.hull.ac.uk/study/undergraduate/accounting-bsc-hons.aspx,Marketing,"Marketing is an exciting, dynamic, and creative environment to work in. It places brands in the consumers' mind and shapes their decisions. Marketing is a critical management function that is essential to business success. This module allows you to work with an organisation on a live marketing project based on a real-life challenge."
https://www.hull.ac.uk/study/undergraduate/accounting-bsc-hons.aspx,Financial Reporting,This module covers the regulatory aspects of financial reporting. It will enable you to understand and evaluate financial statements according to international accounting standards.
https://www.hull.ac.uk/study/undergraduate/accounting-bsc-hons.aspx,Financial Management,"Explore the operational activities responsible for obtaining and ultilising the funds for efficient operations. This module will expose you to a wide range of important financial management tools, techniques, and underpinning theories relevant for decision-making in today's competitive financial environment."
https://www.hull.ac.uk/study/undergraduate/accounting-bsc-hons.aspx,Information Systems in Accounting and Finance,"In today’s highly competitive business environment, information is power – especially financial information. This module offers a broad insight into the role of accounting information systems and emerging technologies within the competitive business environment and explores how managers of business organisations use financial information to convey financial stability and performance."
https://www.hull.ac.uk/study/undergraduate/accounting-bsc-hons.aspx,Management Accounting,"Management account provides information to internal management for planning, organising and controlling organisational resources. Become familiar with concepts for calculating costs and prices of a product or service. You'll learn how to produce, analyse and articulate key information to an organisation's decision makers."
https://www.hull.ac.uk/study/undergraduate/accounting-bsc-hons.aspx,Understanding Entrepreneurship,"Working with a local entrepreneurial firm, you'll get first-hand experience of exploring concepts around entrepreneurship. You'll gain insight into the real-life challenges and how local entrepreneurs overcome/negotiate those issues brining into play their individuality, commitment, and desire to make real change."
https://www.hull.ac.uk/study/undergraduate/accounting-bsc-hons.aspx,Disruptive and Emerging Technologies,"In this module, you'll have the flexibility to select a technology theme that you are excited about (e.g. cryptocurrencies, blockchain, artificial intelligence, augmented reality, etc.), and explore their management and socio-economic implications."
https://www.hull.ac.uk/study/undergraduate/accounting-bsc-hons.aspx,Sustainable Business and Innovation,"Develop insights into the major trends, challenges and innovative concepts relating to business sustainability and corporate responsibility."
https://www.hull.ac.uk/study/undergraduate/accounting-bsc-hons.aspx,Macroeconomics: Managing the Economy,"You’ll learn the ways that government policy affects the course of the economy through its influence on the rate of inflation, economic growth, and the level of employment."
https://www.hull.ac.uk/study/undergraduate/accounting-bsc-hons.aspx,Company Law,"Develop your understanding of the legal environment within which an accountant works, developing the ability to locate, extract and analyse data from multiple sources."
https://www.hull.ac.uk/study/undergraduate/accounting-bsc-hons.aspx,Summer School,Broaden your experience in an international setting and study in one of our partner institutions for up to three weeks over the summer. This module can count towards your degree.
https://www.hull.ac.uk/study/undergraduate/accounting-bsc-hons.aspx,Engaging with Entrepreneurial Organisations,"Working in a collaborative team, you'll design and deliver innovative solutions for entrepreneurial companies. This hands-on module allows you to apply what you've learned to a real business problem or opportunity."
https://www.hull.ac.uk/study/undergraduate/accounting-bsc-hons.aspx,Responsible Business in Society,"The influence large organisations have to both postively contribute to, or potentially harm society, can be greater than the power of states. You'll reflect on challenges to business practice looking at issues such as corporate social responsibility, globalisation, sustainable development and climate change, and human rights and exploitation."
https://www.hull.ac.uk/study/undergraduate/accounting-bsc-hons.aspx,Advanced Financial Reporting and Theory,Develop advanced knowledge of the role of financial reporting within the competitive business environment and explore how managers of business organisations use financial information to convey financial stability and performance.
https://www.hull.ac.uk/study/undergraduate/accounting-bsc-hons.aspx,Auditing,"The module covers both the theoretical and procedural aspects of effective auditing. In particular, you'll explore standards of accountability and corporate behaviour in today's global market place; and monitoring the process of externally reporting financial information."
https://www.hull.ac.uk/study/undergraduate/accounting-bsc-hons.aspx,Advanced Management Accounting,"Building on the techniques of traditional management accounting, this module gives you the opportunity to reflect on the how and why in recent advances in management accounting theory and practice. In particular, the ways in which management accounting has to adapt to match changes in its environment and organisational context will be critically evaluated."
https://www.hull.ac.uk/study/undergraduate/accounting-bsc-hons.aspx,Taxation,"This module is for those intending to study for a professional accountancy qualification after graduation, and may provide exemption from some of your professional exams."
https://www.hull.ac.uk/study/undergraduate/accounting-bsc-hons.aspx,Company Law,"Develop your understanding of the legal environment within which an accountant works, developing the ability to locate, extract and analyse data from multiple sources."
https://www.hull.ac.uk/study/undergraduate/accounting-bsc-hons.aspx,Macroeconomics: Managing the Economy,"You’ll learn the ways that government policy affects the course of the economy through its influence on the rate of inflation, economic growth, and the level of employment."
https://www.hull.ac.uk/study/undergraduate/accounting-bsc-hons.aspx,Business Project Management,"Whatever its size, all organisations run projects - study the skills, concepts, tools and techniques to manage them effectively, and learn about the factors affecting project success and failure."
https://www.hull.ac.uk/study/undergraduate/accounting-bsc-hons.aspx,Quantitative Methods in Accounting and Finance,Link theory with practical examples by analysing and modelling financial risk factors and other quantitative problems. You'll cover the learning outcomes highlighted in the Chartered Financial Analyst (CFA) Institute Quantitative Methods syllabus at levels 1-3.
https://www.hull.ac.uk/study/undergraduate/accounting-bsc-hons.aspx,Summer School,Broaden your experience in an international setting and study in one of our partner institutions for up to three weeks over the summer. This module can count towards your degree.
https://www.hull.ac.uk/study/undergraduate/accounting-bsc-hons.aspx,International Business,Focus on the core concepts and practical applications of cross-border business activities. You'll explore the controversies and complexities surrounding international business issues.
https://www.hull.ac.uk/study/undergraduate/accounting-bsc-hons.aspx,Individual Research Project,"Engage in an academic study of a particular topic that is of interest to you over a sustained time, with elements of original work. You'll develop an advanced ability to locate, extract, analyse and interpret data from multiple sources."
https://www.hull.ac.uk/study/undergraduate/accounting-bsc-hons.aspx,,
